{"name":"0c4e8c80-64ec-4fab-8d8f-78f9f5836ff2","id":"/providers/Microsoft.Flow/flows/0c4e8c80-64ec-4fab-8d8f-78f9f5836ff2","type":"Microsoft.Flow/flows","properties":{"apiId":"/providers/Microsoft.PowerApps/apis/shared_logicflows","displayName":"Create a task in Planner from Microsoft Forms and post message in Teams","definition":{"metadata":{"workflowEntityId":null,"processAdvisorMetadata":null,"flowclientsuspensionreason":"None","flowclientsuspensiontime":null,"flowclientsuspensionreasondetails":null,"creator":{"id":"6c5becfd-93c5-4c0a-911e-2663787fcb10","type":"User","tenantId":"9562b42b-4ea7-4514-8312-6d67083c18e9"},"provisioningMethod":"FromDefinition","failureAlertSubscription":true,"clientLastModifiedTime":"2022-08-22T06:27:11.6991723Z"},"$schema":"https://schema.management.azure.com/providers/Microsoft.Logic/schemas/2016-06-01/workflowdefinition.json#","contentVersion":"1.0.0.0","parameters":{"$connections":{"defaultValue":{},"type":"Object"},"$authentication":{"defaultValue":{},"type":"SecureObject"}},"triggers":{"When_a_new_response_is_submitted":{"splitOn":"@triggerOutputs()?['body/value']","metadata":{"operationMetadataId":"3927a1b6-5502-4dd7-8552-1a7d5dd2ac5f"},"type":"OpenApiConnectionWebhook","inputs":{"host":{"apiId":"/providers/Microsoft.PowerApps/apis/shared_microsoftforms","connectionName":"shared_microsoftforms","operationId":"CreateFormWebhook"},"parameters":{"form_id":"K7RiladOFEWDEm1nCDwY6f3sW2zFkwpMkR4mY3h_yxBUQjg4Q1NaMkIxODlSSVZTQUFQVFQ0MFNIUi4u"},"authentication":"@parameters('$authentication')"}}},"actions":{"Get_response_details":{"runAfter":{},"metadata":{"operationMetadataId":"8bd8fcf6-4aac-429e-9107-4cc230add7d3"},"type":"OpenApiConnection","inputs":{"host":{"apiId":"/providers/Microsoft.PowerApps/apis/shared_microsoftforms","connectionName":"shared_microsoftforms","operationId":"GetFormResponseById"},"parameters":{"form_id":"K7RiladOFEWDEm1nCDwY6f3sW2zFkwpMkR4mY3h_yxBUQjg4Q1NaMkIxODlSSVZTQUFQVFQ0MFNIUi4u","response_id":"@triggerOutputs()?['body/resourceData/responseId']"},"authentication":"@parameters('$authentication')"}},"Create_a_task":{"runAfter":{"Get_response_details":["Succeeded"]},"metadata":{"operationMetadataId":"a0ee8b98-86ef-4589-acd6-2eccda1d21a1"},"type":"OpenApiConnection","inputs":{"host":{"apiId":"/providers/Microsoft.PowerApps/apis/shared_planner","connectionName":"shared_planner","operationId":"CreateTask_V2"},"parameters":{"body/planId":"3fiYyGSkWUmeJ6crv4z5qJYAA6Fr","body/title":"@outputs('Get_response_details')?['body/r978a6cfa32e94f2d8eda9846df478376']","body/bucketId":"R_hnbsQ9HEKfJ6mNYKNPKpYAKJGp","body/assignments":"@{outputs('Get_response_details')?['body/responder']}"},"authentication":"@parameters('$authentication')"}},"Post_message_in_a_chat_or_channel":{"runAfter":{"Create_a_task":["Succeeded"]},"metadata":{"operationMetadataId":"309a217e-d181-464e-b730-aadd3ff05a88"},"type":"OpenApiConnection","inputs":{"host":{"apiId":"/providers/Microsoft.PowerApps/apis/shared_teams","connectionName":"shared_teams","operationId":"PostMessageToConversation"},"parameters":{"poster":"Flow bot","location":"Channel","body/recipient/groupId":"965859f9-d54f-4c56-8f91-2a4f705c582c","body/recipient/channelId":"19:e5c993c46af841608e654f0c80b60b70@thread.tacv2","body/messageBody":"<p>There's a new response available</p>"},"authentication":"@parameters('$authentication')"}},"Terminate":{"runAfter":{"Create_a_task":["Failed"]},"metadata":{"operationMetadataId":"a5bbab39-f546-473b-8522-1d82984374d7"},"type":"Terminate","inputs":{"runStatus":"Succeeded"}}},"outputs":{},"description":"Create task in Planner when a new response is submitted from Microsoft Forms and also post message to my team in Microsoft Teams."},"connectionReferences":{"shared_microsoftforms":{"connectionName":"shared-microsoftform-f36214c0-ac27-4903-9d59-ba4f1407b477","source":"Embedded","id":"/providers/Microsoft.PowerApps/apis/shared_microsoftforms","tier":"NotSpecified"},"shared_planner":{"connectionName":"8a731689d1c74f82b3fc1b4bdf0daba6","source":"Embedded","id":"/providers/Microsoft.PowerApps/apis/shared_planner","tier":"NotSpecified"},"shared_teams":{"connectionName":"shared-teams-1941278f-c08f-43ff-a572-248d3f6d2a35","source":"Embedded","id":"/providers/Microsoft.PowerApps/apis/shared_teams","tier":"NotSpecified"}},"flowFailureAlertSubscribed":false,"isManaged":false}}